{
    "vertices":[1,-1,-1,1,-1,1,-1,-1,1,-1,-1,-1,1,1,-1,0.999999,1,1,-1,1,1,-1,1,-1,0.278658,2.85095,-0.278658,0.278658,2.85095,0.278658,-0.278658,2.85095,0.278658,-0.278658,2.85095,-0.278658,0.278658,4.18255,-0.278658,0.278658,4.18255,0.278658,-0.278658,4.18255,0.278658,-0.278658,4.18255,-0.278658,0.113717,5.29437,-0.113717,0.113716,5.29437,0.113717,-0.113717,5.29437,0.113716,-0.113717,5.29437,-0.113717],
    "metadata":{
        "generator":"io_three",
        "uvs":0,
        "faces":18,
        "vertices":20,
        "version":3,
        "normals":18,
        "type":"Geometry"
    },
    "uvs":[],
    "normals":[-5.32907e-15,-1,2.98023e-08,-4.69308e-07,0.363114,0.931745,1,4.47034e-08,2.83122e-07,-2.83122e-07,-7.45059e-08,1,-1,-1.3411e-07,-2.23517e-07,2.38419e-07,1.78814e-07,-1,-1,-9.57449e-15,-2.13899e-07,0.931745,0.363114,5.39704e-07,-0.931745,0.363114,-1.87723e-07,2.34654e-07,0.363114,-0.931745,3.04087e-07,0.146746,-0.989174,3.20848e-07,-4.47618e-08,-1,-4.27797e-07,4.47618e-08,1,1,2.87235e-14,5.34747e-07,0,1,0,-4.0545e-07,0.146746,0.989174,0.989174,0.146746,5.23706e-07,-0.989174,0.146746,-1.85831e-07],
    "faces":[33,0,1,2,3,0,0,0,0,33,6,5,9,10,1,1,1,1,33,0,4,5,1,2,2,2,2,33,1,5,6,2,3,3,3,3,33,2,6,7,3,4,4,4,4,33,4,0,3,7,5,5,5,5,33,11,10,14,15,6,6,6,6,33,5,4,8,9,7,7,7,7,33,7,6,10,11,8,8,8,8,33,4,7,11,8,9,9,9,9,33,12,15,19,16,10,10,10,10,33,8,11,15,12,11,11,11,11,33,10,9,13,14,12,12,12,12,33,9,8,12,13,13,13,13,13,33,16,19,18,17,14,14,14,14,33,14,13,17,18,15,15,15,15,33,13,12,16,17,16,16,16,16,33,15,14,18,19,17,17,17,17]
}